Maria Silva;123.456.789-01;maria.silva@gmail.com;(91) 98765-4321;66000-000;15/03/1990
João Souza;987.654.321-00;joao@empresa.com.br;(91) 3241-5678;66033-005;01/12/1985
Ana Costa;111.222.333;ana@teste.com;(91) 99999-1234;66093-020;20/07/2000
Pedro Lima;444.555.666-77;pedro#teste.com;(91) 98888-7777;66000-100;10/10/1995
Carla Nunes;222.333.444-55;carla@ok.com.br;91 98765-4321;66000-200;05/05/1988

;333.444.555-66;valido@ok.com;(91) 99999-0000;66000-300;12/12/1980
Lucas Dias;555.666.777-88;lucas@ok.com;(91) 98765-4321;66000400;28/09/2026
linha totalmente quebrada sem estrutura
Rita Alves;123.456.789-09;rita@ok.com;(20) 98765-4321;66000-500;15/03/1990
Paulo Reis;123.456.789-09;paulo@ok.com;(91) 98765-4321;66000-600;32/01/2000
